{
  "destination": [
    {
      "name": "Anantara Kihaavah Villas",
      "type": 1,
      "location": "Baa Atoll",
      "category": [
        0,
        1,
        2
      ],
      "sport": [
        0,
        1,
        2
      ],
      "rating": 4,
      "price": 500,
      "search": "anantara kihaavah villas resort baa atoll budget honeymoon beach nature diving surfing spa",
      "background": "anantara.jpg"
    },
    {
      "name": "Angsana Resort & Spa Ihuru",
      "type": 1,
      "location": "Alif Atoll",
      "category": [
        0,
        2,
        3
      ],
      "sport": [
        0,
        2,
        3
      ],
      "rating": 4,
      "price": 1000,
      "search": "angsana resort spa ihuru resort alif atoll normal honeymoon nature family diving spa fishing",
      "background": "angsana.jpg"
    }
  ]
}
